tx_hash,from,to,amount
U9WfT8XiuSZEoJVoD1oSZnhCbQ13QS4Fpou8dHpskXRVurzM7jM5EdLRCnUDg1pqBB6LqNYcsWMLKVQUoy2Acxo,DsFb2SnB5N6GmNr89oCNytE48rKTu3e1a2NDvjEupiZm,H9mhqbPkymytwsxorawVYpsLybJB56NZFX3ChYEyWEev,20.92
56UofUTa9SY6bHgzjHHicwRW81yxzK1dXi79KDPpyQT6CMRAz4svpKdFvDEo5Y9PmQEWriFTC1XQCEyUX7TeWq45,9LzXZFrmyfyo8bjXaoxr7CW2h2VmTXhrY37VFuvi6tWP,H9mhqbPkymytwsxorawVYpsLybJB56NZFX3ChYEyWEev,21.16
4MaahBgNijqzRtMNZbvR2L2aGHcGKymaUwMv6zUuanyJT4hz86qNTU9eeTR1WvTSgAcjUZ9J1ktbnZfqPUNvb3dN,4g6AKWkB6uGMaset7Y5hUJ8VPQz6w6K9c4rUfPQM8MxP,H9mhqbPkymytwsxorawVYpsLybJB56NZFX3ChYEyWEev,18.99
4Wbr7DKBgKVXF94XcAGP4KwoqCexa2G5iptkobsFGwwvPqfTG6mqdzJM2KA7sE3ogUiC2taKiT9pWVohxihHuais,G6aZg5dBt3mSwAmBQub9fdFSEVEmfT4ZiwcespesLXqx,H9mhqbPkymytwsxorawVYpsLybJB56NZFX3ChYEyWEev,79.9
2vEP8DXuE1Hv5WYFJmYoHC583MuKDXU7baonn8hwQKMBGoNLz9uwceHrmLhuu5r6f4MABCaLft5bsF6G5rGE8YKM,HG79YcuZLgo2y5D45AqDBzFkPrpN67WkVfv42vwNtpwC,H9mhqbPkymytwsxorawVYpsLybJB56NZFX3ChYEyWEev,22.23
5aVnFiEvEPovAetPpM9n8hjvazKgJx92pwE5CyrWAAUSCw5fWHtBNSKWh2Cm19x5kgSD8Q5qw1ouzpzWaFn4xbBE,H9mhqbPkymytwsxorawVYpsLybJB56NZFX3ChYEyWEev,DwGdrSQ8ubPo2FJsWArVdjavsMDrwPzpNye2sPT7oqF3,652.43
c38gNLwxZcurJsYr1pFHoZ6berZmLhedcJsxWwiAaMW3mBNBycpLNFScbTg3cmGsF18SpUNVaU5jHB7dkzmXdd2,4czptGefBpMqcQxLPPALshABDkGB7qPZvLkuLaascc3C,H9mhqbPkymytwsxorawVYpsLybJB56NZFX3ChYEyWEev,12.83
QCk9riz2cjVCse1vNsKNj8AZLNSuU9hc7dtn1uPTDDFDXwSEkwzKRd8s6yyLc1EiV2giXNSfMHSTmV4qUqdozHp,98f8WKAym4oVF7fhmyyxZz1KTwJxz8e1CAsnPyxb2deR,H9mhqbPkymytwsxorawVYpsLybJB56NZFX3ChYEyWEev,83.5
3Hu1WBTbcNS2idagDVKPB8pRLp6FoPgorXXm6ZBVkSb8WvgophvQahazPVoFEMGg7vKuFr71dHuXub9CoNC4vnr8,4YRW6C6tkVfaxsWWSHeSDhxZdX7azRbovSBYKZCqfbsu,H9mhqbPkymytwsxorawVYpsLybJB56NZFX3ChYEyWEev,122.7
eoeajyJs7H9Y1SQMn8ennRpD477BqwBpjs9SULzUFdebSjg8fKcCBo2rZ17HikHDEC39AUV48q2bcvh62KKj9An,52UN1MNydFagrc35JR5P2vp6pxSUyCJeb44fJaeAqUNj,H9mhqbPkymytwsxorawVYpsLybJB56NZFX3ChYEyWEev,45.32
nKjoWfTCFGPFvAWc8JC82zy3fT41emm6ACyhZhUgCeSmUVuByj529uTd3ws5sPgU4GgtmamrwYZbqqUiSY6WEKg,BgHtWXfSwCyShD27LEFQHgEaNM8tg3Y9fMMed5ijRdqP,H9mhqbPkymytwsxorawVYpsLybJB56NZFX3ChYEyWEev,47.34
3HpnjYHEockWRbBG6KXXnLeae24aUN5GEyPu2AthQV25WqDctKqoLFBZeNthiQBUnCQmbBPbciFomTgWvv8eTxyX,2PeM4x5DhmvkrJzDBwzxs6BtdXi2s56hAA6HGZ36i7gY,H9mhqbPkymytwsxorawVYpsLybJB56NZFX3ChYEyWEev,34.63
JtLZzxcxz7Gmt5QE8rwPJtHviMS5zm3mQ9Hnpv3SXUR1JymXA2eTi6Mu7dHKLzTSsDhDSuoKEUoGHUF7mKj7pCW,G1Mm9GXSiMNf1Bphwj47yHH4zs7zgjxNreFYiV8WeCCB,H9mhqbPkymytwsxorawVYpsLybJB56NZFX3ChYEyWEev,75
58QTn21YoqZ7TTEjheDbpkBV7jiXELNmKtmHhaMsSpZF53JyHvxHLnTpeXsP5u3G86Tag3gGkkoJzgVuJEiJg8oN,2WBVXeVsFmvJAwp3WEgat3N6peE5V3jJRHDcMnQ9NWZ6,H9mhqbPkymytwsxorawVYpsLybJB56NZFX3ChYEyWEev,119.45
exKBpZYMKWAkvVUfhxprvZAdStWnGvwyeQo2QqayzStc8mdzvng9ZsWSrXcgWizHmie9D3DZZLGePBbGkis6V2G,2oFDwTdpWNhMenBTuU2UayAa9fcp1q1bskt1AWGzWRUX,H9mhqbPkymytwsxorawVYpsLybJB56NZFX3ChYEyWEev,48.66
eN9DYoP3v73zYgFBWTdTZjoGunbVqL5DV4PmuwZTtQykCqtS6sbbp94XUG74atBD2JSdDNPzwraRwWwCzABhG8H,DbYPFEeYUsimMUXmG4xN5u4X57jCLGekRQ4fnEKgtqWT,H9mhqbPkymytwsxorawVYpsLybJB56NZFX3ChYEyWEev,63
5ktc2TyP3jzCLgpnhsys8tnfxn175u3ecS11fNv8hohajzqFmcAy5R6mEvLUU3BpfXoa31KjKVrx8he8F5GhS3Xg,DbYPFEeYUsimMUXmG4xN5u4X57jCLGekRQ4fnEKgtqWT,H9mhqbPkymytwsxorawVYpsLybJB56NZFX3ChYEyWEev,0
